{
  "scene": 2,
  "point_accuracy": 0.83642578125,
  "num_instances": 11,
  "instances": [
    {
      "instance_id": 0,
      "semantic_label": 2,
      "semantic_name": "sphere",
      "geometry_label": 2,
      "geometry_name": "sphere",
      "confidence": 0.9999998807907104,
      "num_points": 345,
      "centroid": [
        9.367431640625,
        -4.307465553283691,
        -0.01007580291479826
      ],
      "geometry": {
        "label": 2,
        "name": "sphere",
        "confidence": 0.8972090874064471,
        "residual": 0.036155449252603805,
        "parameters": {
          "center": [
            9.367431640625,
            -4.307465553283691,
            -0.01007580291479826
          ],
          "radius": 0.43471431732177734
        }
      }
    },
    {
      "instance_id": 1,
      "semantic_label": 1,
      "semantic_name": "cylinder",
      "geometry_label": 1,
      "geometry_name": "cylinder",
      "confidence": 0.9999996423721313,
      "num_points": 354,
      "centroid": [
        5.366429328918457,
        -0.7745707035064697,
        -0.0024805485736578703
      ],
      "geometry": {
        "label": 1,
        "name": "cylinder",
        "confidence": 0.5079836916748391,
        "residual": 0.22576864497375093,
        "parameters": {
          "center": [
            5.366429328918457,
            -0.7745707035064697,
            -0.0024805485736578703
          ],
          "axis": [
            0.03259223699569702,
            0.016907237470149994,
            -0.999325692653656
          ],
          "radius": 0.2704278230667114,
          "height": 1.5603772401809692
        }
      }
    },
    {
      "instance_id": 2,
      "semantic_label": 2,
      "semantic_name": "sphere",
      "geometry_label": 2,
      "geometry_name": "sphere",
      "confidence": 0.9999998807907104,
      "num_points": 342,
      "centroid": [
        2.3815338611602783,
        1.3228644132614136,
        -0.05492211505770683
      ],
      "geometry": {
        "label": 2,
        "name": "sphere",
        "confidence": 0.9258761957158931,
        "residual": 0.02567158373510792,
        "parameters": {
          "center": [
            2.3815338611602783,
            1.3228644132614136,
            -0.05492211505770683
          ],
          "radius": 0.9284024834632874
        }
      }
    },
    {
      "instance_id": 3,
      "semantic_label": 0,
      "semantic_name": "cuboid",
      "geometry_label": 0,
      "geometry_name": "cuboid",
      "confidence": 0.9957261085510254,
      "num_points": 343,
      "centroid": [
        -7.048022270202637,
        9.109820365905762,
        0.0003576667804736644
      ],
      "geometry": {
        "label": 0,
        "name": "cuboid",
        "confidence": 0.7768565730949749,
        "residual": 0.08416651208826374,
        "parameters": {
          "center": [
            -7.048022270202637,
            9.109820365905762,
            0.0003576667804736644
          ],
          "axes": [
            [
              0.4671157896518707,
              0.8756099343299866,
              -0.12292297184467316
            ],
            [
              -0.013594908639788628,
              -0.13189348578453064,
              -0.9911706447601318
            ],
            [
              -0.8840916156768799,
              0.4646625816822052,
              -0.04970569163560867
            ]
          ],
          "half_extents": [
            1.1732674837112427,
            1.0018610954284668,
            0.8561254739761353
          ]
        }
      }
    },
    {
      "instance_id": 4,
      "semantic_label": 0,
      "semantic_name": "cuboid",
      "geometry_label": 0,
      "geometry_name": "cuboid",
      "confidence": 0.9999933242797852,
      "num_points": 667,
      "centroid": [
        -6.726038932800293,
        -5.890003681182861,
        0.030736885964870453
      ],
      "geometry": {
        "label": 0,
        "name": "cuboid",
        "confidence": 0.4898133836186107,
        "residual": 0.23791027005903,
        "parameters": {
          "center": [
            -6.726038932800293,
            -5.890003681182861,
            0.030736885964870453
          ],
          "axes": [
            [
              -0.49839887022972107,
              0.8566060066223145,
              0.13350917398929596
            ],
            [
              0.0637623593211174,
              -0.11736299097537994,
              0.9910399913787842
            ],
            [
              -0.864599883556366,
              -0.5024460554122925,
              -0.003874357556924224
            ]
          ],
          "half_extents": [
            1.3080998659133911,
            0.901029109954834,
            0.6301454305648804
          ]
        }
      }
    },
    {
      "instance_id": 5,
      "semantic_label": 2,
      "semantic_name": "sphere",
      "geometry_label": 2,
      "geometry_name": "sphere",
      "confidence": 0.9999998807907104,
      "num_points": 328,
      "centroid": [
        -4.306063652038574,
        5.1981024742126465,
        0.05546583607792854
      ],
      "geometry": {
        "label": 2,
        "name": "sphere",
        "confidence": 0.9584636887130843,
        "residual": 0.014141200221376176,
        "parameters": {
          "center": [
            -4.306063652038574,
            5.1981024742126465,
            0.05546583607792854
          ],
          "radius": 0.971231997013092
        }
      }
    },
    {
      "instance_id": 6,
      "semantic_label": 0,
      "semantic_name": "cuboid",
      "geometry_label": 0,
      "geometry_name": "cuboid",
      "confidence": 0.9983236193656921,
      "num_points": 337,
      "centroid": [
        -9.968037605285645,
        -5.097226619720459,
        -0.0819321870803833
      ],
      "geometry": {
        "label": 0,
        "name": "cuboid",
        "confidence": 0.625008378243945,
        "residual": 0.15666340804842413,
        "parameters": {
          "center": [
            -9.968037605285645,
            -5.097226619720459,
            -0.0819321870803833
          ],
          "axes": [
            [
              -0.4725895822048187,
              0.8781822919845581,
              -0.07385729998350143
            ],
            [
              -0.5834850668907166,
              -0.24898730218410492,
              0.7730138897895813
            ],
            [
              0.6604576110839844,
              0.40841296315193176,
              0.6300750374794006
            ]
          ],
          "half_extents": [
            1.0686769485473633,
            1.2611726522445679,
            1.2458444833755493
          ]
        }
      }
    },
    {
      "instance_id": 7,
      "semantic_label": 2,
      "semantic_name": "sphere",
      "geometry_label": 2,
      "geometry_name": "sphere",
      "confidence": 1.0,
      "num_points": 362,
      "centroid": [
        9.549029350280762,
        6.6885175704956055,
        -0.0011188882635906339
      ],
      "geometry": {
        "label": 2,
        "name": "sphere",
        "confidence": 0.9495817561766893,
        "residual": 0.017244549328360812,
        "parameters": {
          "center": [
            9.549029350280762,
            6.6885175704956055,
            -0.0011188882635906339
          ],
          "radius": 0.8040858507156372
        }
      }
    },
    {
      "instance_id": 8,
      "semantic_label": 2,
      "semantic_name": "sphere",
      "geometry_label": 2,
      "geometry_name": "sphere",
      "confidence": 0.9999998807907104,
      "num_points": 354,
      "centroid": [
        -8.773837089538574,
        -8.665544509887695,
        0.03172830864787102
      ],
      "geometry": {
        "label": 2,
        "name": "sphere",
        "confidence": 0.9399256747869982,
        "residual": 0.0206514920732564,