{
  "scene": 3,
  "point_accuracy": 0.7919921875,
  "num_instances": 19,
  "instances": [
    {
      "instance_id": 0,
      "semantic_label": 1,
      "semantic_name": "cylinder",
      "geometry_label": 1,
      "geometry_name": "cylinder",
      "confidence": 0.6828203797340393,
      "num_points": 347,
      "centroid": [
        -5.839996337890625,
        -3.4578516483306885,
        0.01717609167098999
      ],
      "geometry": {
        "label": 1,
        "name": "cylinder",
        "confidence": 0.5023908204476684,
        "residual": 0.22945897846566873,
        "parameters": {
          "center": [
            -5.839996337890625,
            -3.4578516483306885,
            0.01717609167098999
          ],
          "axis": [
            -0.022740093991160393,
            -0.04508733004331589,
            0.9987242221832275
          ],
          "radius": 0.22891923785209656,
          "height": 1.8814237117767334
        }
      }
    },
    {
      "instance_id": 1,
      "semantic_label": 0,
      "semantic_name": "cuboid",
      "geometry_label": 0,
      "geometry_name": "cuboid",
      "confidence": 0.9999984502792358,
      "num_points": 69,
      "centroid": [
        7.004446506500244,
        4.659768581390381,
        0.4196864068508148
      ],
      "geometry": {
        "label": 0,
        "name": "cuboid",
        "confidence": 0.36536306432775734,
        "residual": 0.33562124099810203,
        "parameters": {
          "center": [
            7.004446506500244,
            4.659768581390381,
            0.4196864068508148
          ],
          "axes": [
            [
              0.12300685793161392,
              0.186081662774086,
              0.9748040437698364
            ],
            [
              0.9631871581077576,
              -0.25898173451423645,
              -0.0721035897731781
            ],
            [
              -0.23903928697109222,
              -0.9477880001068115,
              0.21108800172805786
            ]
          ],
          "half_extents": [
            1.1725395917892456,
            0.8867971897125244,
            0.6795163750648499
          ]
        }
      }
    },
    {
      "instance_id": 2,
      "semantic_label": 1,
      "semantic_name": "cylinder",
      "geometry_label": 1,
      "geometry_name": "cylinder",
      "confidence": 0.9999873638153076,
      "num_points": 333,
      "centroid": [
        5.829150676727295,
        -6.688244819641113,
        -0.013327470049262047
      ],
      "geometry": {
        "label": 1,
        "name": "cylinder",
        "confidence": 0.49249429284220125,
        "residual": 0.2360908021915996,
        "parameters": {
          "center": [
            5.829150676727295,
            -6.688244819641113,
            -0.013327470049262047
          ],
          "axis": [
            0.011057755909860134,
            -0.014606324955821037,
            -0.9998321533203125
          ],
          "radius": 0.3182201087474823,
          "height": 1.5181047916412354
        }
      }
    },
    {
      "instance_id": 3,
      "semantic_label": 0,
      "semantic_name": "cuboid",
      "geometry_label": 0,
      "geometry_name": "cuboid",
      "confidence": 0.9999933242797852,
      "num_points": 127,
      "centroid": [
        2.3471643924713135,
        8.556368827819824,
        -0.2423218935728073
      ],
      "geometry": {
        "label": 0,
        "name": "cuboid",
        "confidence": 0.3868032132413459,
        "residual": 0.31661306939837996,
        "parameters": {
          "center": [
            2.3471643924713135,
            8.556368827819824,
            -0.2423218935728073
          ],
          "axes": [
            [
              -0.5464482307434082,
              0.5701772570610046,
              -0.613426685333252
            ],
            [
              -0.5355505347251892,
              0.3252232074737549,
              0.7793686389923096
            ],
            [
              -0.6438788771629333,
              -0.7544055581092834,
              -0.12764106690883636
            ]
          ],
          "half_extents": [
            1.6299488544464111,
            1.1326615810394287,
            0.8183383941650391
          ]
        }
      }
    },
    {
      "instance_id": 4,
      "semantic_label": 1,
      "semantic_name": "cylinder",
      "geometry_label": 1,
      "geometry_name": "cylinder",
      "confidence": 0.9999998807907104,
      "num_points": 332,
      "centroid": [
        4.791093826293945,
        -1.133987307548523,
        0.13864807784557343
      ],
      "geometry": {
        "label": 1,
        "name": "cylinder",
        "confidence": 0.51437125427832,
        "residual": 0.22160332988692596,
        "parameters": {
          "center": [
            4.791093826293945,
            -1.133987307548523,
            0.13864807784557343
          ],
          "axis": [
            -0.014325018040835857,
            0.00033546003396622837,
            0.9998973608016968
          ],
          "radius": 0.33428266644477844,
          "height": 1.716722846031189
        }
      }
    },
    {
      "instance_id": 5,
      "semantic_label": 2,
      "semantic_name": "sphere",
      "geometry_label": 2,
      "geometry_name": "sphere",
      "confidence": 0.9999998807907104,
      "num_points": 347,
      "centroid": [
        -0.05676353722810745,
        -4.910686492919922,
        0.05853596329689026
      ],
      "geometry": {
        "label": 2,
        "name": "sphere",
        "confidence": 0.9568041374280025,
        "residual": 0.014718857186722273,
        "parameters": {
          "center": [
            -0.05676353722810745,
            -4.910686492919922,
            0.05853596329689026
          ],
          "radius": 0.801677405834198
        }
      }
    },
    {
      "instance_id": 6,
      "semantic_label": 2,
      "semantic_name": "sphere",
      "geometry_label": 2,
      "geometry_name": "sphere",
      "confidence": 0.9999998807907104,
      "num_points": 354,
      "centroid": [
        4.915609836578369,
        9.708088874816895,
        -0.004900375846773386
      ],
      "geometry": {
        "label": 2,
        "name": "sphere",
        "confidence": 0.9302865029576838,
        "residual": 0.024087557527170164,
        "parameters": {
          "center": [
            4.915609836578369,
            9.708088874816895,
            -0.004900375846773386
          ],
          "radius": 0.45996585488319397
        }
      }
    },
    {
      "instance_id": 7,
      "semantic_label": 1,
      "semantic_name": "cylinder",
      "geometry_label": 1,
      "geometry_name": "cylinder",
      "confidence": 0.9996227025985718,
      "num_points": 322,
      "centroid": [
        -4.003148555755615,
        9.004820823669434,
        -0.0221240371465683
      ],
      "geometry": {
        "label": 1,
        "name": "cylinder",
        "confidence": 0.47199259196119464,
        "residual": 0.25026399617240613,
        "parameters": {
          "center": [
            -4.003148555755615,
            9.004820823669434,
            -0.0221240371465683
          ],
          "axis": [
            0.1759013682603836,
            -0.9796167612075806,
            0.09700394421815872
          ],
          "radius": 0.8282797932624817,
          "height": 2.212879180908203
        }
      }
    },
    {
      "instance_id": 8,
      "semantic_label": 1,
      "semantic_name": "cylinder",
      "geometry_label": 1,
      "geometry_name": "cylinder",
      "confidence": 0.9999997615814209,
      "num_points": 340,
      "centroid": [
        0.3079652190208435,
        -7.558139801025391,
        0.07794421911239624
      ],
      "geometry": {
        "label": 1,
        "name": "cylinder",
        "confidence": 0.5110273283608479,
        "residual": 0.22377740335007676,