{
  "scene": 1,
  "point_accuracy": 0.976806640625,
  "num_instances": 17,
  "instances": [
    {
      "instance_id": 0,
      "semantic_label": 0,
      "semantic_name": "cuboid",
      "geometry_label": 0,
      "geometry_name": "cuboid",
      "confidence": 0.9992393255233765,
      "num_points": 266,
      "centroid": [
        -5.644073486328125,
        9.399115562438965,
        -0.2599324882030487
      ],
      "geometry": {
        "label": 0,
        "name": "cuboid",
        "confidence": 0.4323104001974759,
        "residual": 0.27953714325785467,
        "parameters": {
          "center": [
            -5.644073486328125,
            9.399115562438965,
            -0.2599324882030487
          ],
          "axes": [
            [
              -0.6682588458061218,
              -0.5059374570846558,
              0.5453965663909912
            ],
            [
              -0.4526302218437195,
              -0.3052990138530731,
              -0.8378056883811951
            ],
            [
              -0.5903863310813904,
              0.806734025478363,
              0.02498381771147251
            ]
          ],
          "half_extents": [
            1.7111181020736694,
            1.9087883234024048,
            1.090787649154663
          ]
        }
      }
    },
    {
      "instance_id": 1,
      "semantic_label": 1,
      "semantic_name": "cylinder",
      "geometry_label": 1,
      "geometry_name": "cylinder",
      "confidence": 0.9999998807907104,
      "num_points": 347,
      "centroid": [
        -6.631993770599365,
        -3.5526139736175537,
        -0.0020837681367993355
      ],
      "geometry": {
        "label": 1,
        "name": "cylinder",
        "confidence": 0.4967412652664541,
        "residual": 0.2332286604887829,
        "parameters": {
          "center": [
            -6.631993770599365,
            -3.5526139736175537,
            -0.0020837681367993355
          ],
          "axis": [
            -0.08909202367067337,
            -0.03792578727006912,
            0.9953010678291321
          ],
          "radius": 0.26112768054008484,
          "height": 1.7342984676361084
        }
      }
    },
    {
      "instance_id": 2,
      "semantic_label": 1,
      "semantic_name": "cylinder",
      "geometry_label": 1,
      "geometry_name": "cylinder",
      "confidence": 0.9999992847442627,
      "num_points": 356,
      "centroid": [
        1.7522852420806885,
        -0.4720427691936493,
        0.014124480076134205
      ],
      "geometry": {
        "label": 1,
        "name": "cylinder",
        "confidence": 0.49539204805136344,
        "residual": 0.23413527120914626,
        "parameters": {
          "center": [
            1.7522852420806885,
            -0.4720427691936493,
            0.014124480076134205
          ],
          "axis": [
            -0.06036072596907616,
            0.03319619968533516,
            -0.9976244568824768
          ],
          "radius": 0.31291866302490234,
          "height": 1.77882981300354
        }
      }
    },
    {
      "instance_id": 3,
      "semantic_label": 2,
      "semantic_name": "sphere",
      "geometry_label": 2,
      "geometry_name": "sphere",
      "confidence": 0.9999998807907104,
      "num_points": 359,
      "centroid": [
        -5.770220756530762,
        1.8883742094039917,
        0.020859725773334503
      ],
      "geometry": {
        "label": 2,
        "name": "sphere",
        "confidence": 0.9214158974996122,
        "residual": 0.027281257664604004,
        "parameters": {
          "center": [
            -5.770220756530762,
            1.8883742094039917,
            0.020859725773334503
          ],
          "radius": 0.9386579394340515
        }
      }
    },
    {
      "instance_id": 4,
      "semantic_label": 0,
      "semantic_name": "cuboid",
      "geometry_label": 0,
      "geometry_name": "cuboid",
      "confidence": 0.9999597072601318,
      "num_points": 338,
      "centroid": [
        5.285560607910156,
        6.044955253601074,
        -0.010129444301128387
      ],
      "geometry": {
        "label": 0,
        "name": "cuboid",
        "confidence": 0.6230107089608231,
        "residual": 0.15773052366640125,
        "parameters": {
          "center": [
            5.285560607910156,
            6.044955253601074,
            -0.010129444301128387
          ],
          "axes": [
            [
              -0.17128413915634155,
              -0.3356092572212219,
              0.9262980818748474
            ],
            [
              -0.367518812417984,
              -0.8505629897117615,
              -0.37612831592559814
            ],
            [
              0.9141070246696472,
              -0.40485680103302,
              0.02234524115920067
            ]
          ],
          "half_extents": [
            1.379132628440857,
            1.2880427837371826,
            0.9186756610870361
          ]
        }
      }
    },
    {
      "instance_id": 5,
      "semantic_label": 2,
      "semantic_name": "sphere",
      "geometry_label": 2,
      "geometry_name": "sphere",
      "confidence": 0.9999998807907104,
      "num_points": 339,
      "centroid": [
        9.193765640258789,
        -9.473081588745117,
        0.08603302389383316
      ],
      "geometry": {
        "label": 2,
        "name": "sphere",
        "confidence": 0.9469879445370368,
        "residual": 0.01815630534620398,
        "parameters": {
          "center": [
            9.193765640258789,
            -9.473081588745117,
            0.08603302389383316
          ],
          "radius": 0.7534018754959106
        }
      }
    },
    {
      "instance_id": 6,
      "semantic_label": 0,
      "semantic_name": "cuboid",
      "geometry_label": 0,
      "geometry_name": "cuboid",
      "confidence": 0.9999895095825195,
      "num_points": 357,
      "centroid": [
        6.356740951538086,
        -4.933528423309326,
        -0.07524676620960236
      ],
      "geometry": {
        "label": 0,
        "name": "cuboid",
        "confidence": 0.6793760505113909,
        "residual": 0.12886015827231426,
        "parameters": {
          "center": [
            6.356740951538086,
            -4.933528423309326,
            -0.07524676620960236
          ],
          "axes": [
            [
              0.8598523736000061,
              -0.4619203507900238,
              0.2174476981163025
            ],
            [
              0.1869974136352539,
              -0.11137119680643082,
              -0.9760268330574036
            ],
            [
              0.47506406903266907,
              0.8799011707305908,
              -0.009384874254465103
            ]
          ],
          "half_extents": [
            1.374241828918457,
            1.2637513875961304,
            0.936069905757904
          ]
        }
      }
    },
    {
      "instance_id": 7,
      "semantic_label": 2,
      "semantic_name": "sphere",
      "geometry_label": 2,
      "geometry_name": "sphere",
      "confidence": 1.0,
      "num_points": 334,
      "centroid": [
        8.231463432312012,
        -2.438019275665283,
        0.05274480953812599
      ],
      "geometry": {
        "label": 2,
        "name": "sphere",
        "confidence": 0.944629715548235,
        "residual": 0.018987421224878853,
        "parameters": {
          "center": [
            8.231463432312012,
            -2.438019275665283,
            0.05274480953812599
          ],
          "radius": 0.9029256105422974
        }
      }
    },
    {
      "instance_id": 8,
      "semantic_label": 1,
      "semantic_name": "cylinder",
      "geometry_label": 1,
      "geometry_name": "cylinder",
      "confidence": 0.9999978542327881,
      "num_points": 342,
      "centroid": [
        -9.53375244140625,
        -8.913207054138184,
        -0.05055065453052521
      ],
      "geometry": {
        "label": 1,
        "name": "cylinder",